fullTreeAnc10,Echinops_telfairi,Chrysochloris_asiatica,Elephantulus_edwardii,fullTreeAnc136,Desmodus_rotundus,Micronycteris_hirsuta,Pteronotus_parnellii
fullTreeAnc10,Echinops_telfairi,Chrysochloris_asiatica,Elephantulus_edwardii,fullTreeAnc117,Crocidura_indochinensis,Erinaceus_europaeus,Uropsilus_gracilis
fullTreeAnc10,Echinops_telfairi,Chrysochloris_asiatica,Elephantulus_edwardii,PrimatesAnc020,Nycticebus_pygmaeus,Loris_tardigradus,Perodicticus_ibeanus
fullTreeAnc10,Echinops_telfairi,Chrysochloris_asiatica,Elephantulus_edwardii,fullTreeAnc121,Solenodon_paradoxus,Erinaceus_europaeus,Macroglossus_sobrinus,
fullTreeAnc136,Desmodus_rotundus,Micronycteris_hirsuta,Pteronotus_parnellii,fullTreeAnc117,Crocidura_indochinensis,Erinaceus_europaeus,Uropsilus_gracilis
fullTreeAnc136,Desmodus_rotundus,Micronycteris_hirsuta,Pteronotus_parnellii,PrimatesAnc020,Nycticebus_pygmaeus,Loris_tardigradus,Perodicticus_ibeanus
fullTreeAnc136,Desmodus_rotundus,Micronycteris_hirsuta,Pteronotus_parnellii,fullTreeAnc121,Solenodon_paradoxus,Erinaceus_europaeus,Macroglossus_sobrinus,
fullTreeAnc117,Crocidura_indochinensis,Erinaceus_europaeus,Uropsilus_gracilis,PrimatesAnc020,Nycticebus_pygmaeus,Loris_tardigradus,Perodicticus_ibeanus
fullTreeAnc117,Crocidura_indochinensis,Erinaceus_europaeus,Uropsilus_gracilis,fullTreeAnc121,Solenodon_paradoxus,Erinaceus_europaeus,Macroglossus_sobrinus,
PrimatesAnc020,Nycticebus_pygmaeus,Loris_tardigradus,Perodicticus_ibeanus,fullTreeAnc121,Solenodon_paradoxus,Erinaceus_europaeus,Macroglossus_sobrinus,
